{
    "ai0": 1.41518,
    "ai1": 1.43533,
    "ai2": 0.07156,
    "ai3": 1.0
}